_id,DataSeries,2026Jan,2025Dec,2025Nov,2025Oct,2025Sep,2025Aug,2025Jul,2025Jun,2025May,2025Apr,2025Mar,2025Feb,2025Jan,2024Dec,2024Nov,2024Oct,2024Sep,2024Aug,2024Jul,2024Jun,2024May,2024Apr,2024Mar,2024Feb,2024Jan,2023Dec,2023Nov,2023Oct,2023Sep,2023Aug,2023Jul,2023Jun,2023May,2023Apr,2023Mar,2023Feb,2023Jan,2022Dec,2022Nov,2022Oct,2022Sep,2022Aug,2022Jul,2022Jun,2022May,2022Apr,2022Mar,2022Feb,2022Jan,2021Dec,2021Nov,2021Oct,2021Sep,2021Aug,2021Jul,2021Jun,2021May,2021Apr,2021Mar,2021Feb,2021Jan,2020Dec,2020Nov,2020Oct,2020Sep,2020Aug,2020Jul,2020Jun,2020May,2020Apr,2020Mar,2020Feb,2020Jan,2019Dec,2019Nov,2019Oct,2019Sep,2019Aug,2019Jul,2019Jun,2019May,2019Apr,2019Mar,2019Feb,2019Jan,2018Dec,2018Nov,2018Oct,2018Sep,2018Aug,2018Jul,2018Jun,2018May,2018Apr,2018Mar,2018Feb,2018Jan,2017Dec,2017Nov,2017Oct,2017Sep,2017Aug,2017Jul,2017Jun,2017May,2017Apr,2017Mar,2017Feb,2017Jan,2016Dec,2016Nov,2016Oct,2016Sep,2016Aug,2016Jul,2016Jun,2016May,2016Apr,2016Mar,2016Feb,2016Jan,2015Dec,2015Nov,2015Oct,2015Sep,2015Aug,2015Jul,2015Jun,2015May,2015Apr,2015Mar,2015Feb,2015Jan,2014Dec,2014Nov,2014Oct,2014Sep,2014Aug,2014Jul,2014Jun,2014May,2014Apr,2014Mar,2014Feb,2014Jan,2013Dec,2013Nov,2013Oct,2013Sep,2013Aug,2013Jul,2013Jun,2013May,2013Apr,2013Mar,2013Feb,2013Jan,2012Dec,2012Nov,2012Oct,2012Sep,2012Aug,2012Jul,2012Jun,2012May,2012Apr,2012Mar,2012Feb,2012Jan,2011Dec,2011Nov,2011Oct,2011Sep,2011Aug,2011Jul,2011Jun,2011May,2011Apr,2011Mar,2011Feb,2011Jan,2010Dec,2010Nov,2010Oct,2010Sep,2010Aug,2010Jul,2010Jun,2010May,2010Apr,2010Mar,2010Feb,2010Jan,2009Dec,2009Nov,2009Oct,2009Sep,2009Aug,2009Jul,2009Jun,2009May,2009Apr,2009Mar,2009Feb,2009Jan,2008Dec,2008Nov,2008Oct,2008Sep,2008Aug,2008Jul,2008Jun,2008May,2008Apr,2008Mar,2008Feb,2008Jan
1,Total International Visitor Arrivals By Place Of Residence,1501420,1363999,1293401,1379077,1254346,1609320,1680771,1245947,1374170,1403644,1296605,1377513,1633495,1390641,1234698,1314493,1270681,1539828,1602603,1250293,1277160,1343319,1464865,1417807,1419956,1231565,1100459,1125964,1130762,1312693,1419642,1129310,1112512,1128610,1021040,957844,931814,931441,816340,816833,782215,728744,726739,543733,418458,295095,121207,67765,57174,92796,41179,24006,19009,15887,18517,10029,14190,25737,27202,18141,23366,24170,14749,13399,9500,8912,6843,2171,880,750,240001,732966,1688102,1724961,1533668,1530479,1463543,1736102,1802593,1551847,1487791,1596724,1564664,1499051,1624593,1603217,1406985,1467380,1415149,1683122,1732896,1544679,1470891,1544248,1584406,1491970,1563359,1569616,1397330,1402299,1320050,1559283,1632135,1387601,1363897,1470750,1480161,1361010,1480479,1506134,1235433,1237675,1144063,1481876,1622405,1270531,1357543,1393972,1406607,1335097,1412123,1424978,1203992,1246947,1131976,1445062,1519233,1184747,1222836,1208624,1201648,1188818,1252608,1360541,1144230,1203527,1098626,1362935,1408400,1181422,1208532,1245307,1297551,1238239,1345842,1367404,1184002,1203746,1176142,1483520,1419657,1288950,1288282,1274246,1368891,1221365,1291718,1360536,1212079,1192580,1051348,1313604,1283611,1157739,1146448,1201953,1243133,1134554,1198507,1216637,1027787,1085193,1033747,1178511,1273870,1080066,1054104,1103320,1071960,990118,1055990,1127581,964170,978913,947585,996899,1095047,951032,946676,939013,928903,857387,908495,972233,830173,844953,799496,844649,882107,750404,726391,778975,791236,689935,772138,888001,765325,849400,745794,850016,922569,822954,833604,829438,910635,813028,885290
2,    Southeast Asia,454152,508775,440406,455359,418343,410443,484305,460065,478392,512837,429836,419289,476556,528320,437876,444034,417351,398577,475246,450962,431069,506437,534123,430395,486141,495668,418065,434927,404106,429652,519036,475814,456263,489334,414934,376496,362255,438856,358257,374927,340369,315820,332161,269088,204656,137294,41170,18760,17563,30006,12937,6448,2774,1933,1968,1561,4478,7262,7331,5666,6786,8826,6457,6378,3770,2833,2310,1100,574,503,88027,247016,528985,662907,565680,555996,511664,520958,617788,622117,535242,554453,530303,455405,491810,644044,514632,533250,497316,509153,583679,648291,533719,556681,553248,451842,495111,641734,503852,501024,464113,477817,560387,567156,502134,555812,534535,437738,478812,637752,465948,471598,413178,447752,607290,493485,541795,516058,499023,440596,473005,612913,455128,465052,414155,444137,579570,496392,512074,478213,461999,380389,448133,619198,463159,485039,436327,480265,568294,552708,549855,511901,508913,440212,497205,626753,505058,512989,445923,585102,512094,557007,534890,497388,523832,405346,460013,593887,484855,465620,407516,517640,481014,502674,490836,493900,484166,424993,432507,560480,414851,437413,450741,449333,497719,490223,447119,456954,434867,377595,396955,533890,391582,410399,447797,361982,456012,433880,403211,390638,360196,300249,331917,434660,321009,314781,339293,289154,327832,320157,286750,292558,283896,231174,243584,364652,266543,317385,276194,279089,322370,309564,292928,296937,312642,255547,277557
3,        Brunei Darussalam,4244,8243,4614,3946,3895,5475,4123,4591,4395,4107,4435,3766,4535,8439,4500,3959,3968,5679,4401,3711,3857,4844,4779,4582,5215,9281,4799,4390,4502,6214,5108,4121,4570,5850,4460,4739,3653,7324,4273,3733,3809,3426,3239,2202,2271,807,280,163,113,231,138,121,70,81,104,64,48,80,119,84,108,170,104,120,91,8,14,1,0,3,514,1764,5364,10298,6366,4687,6356,5156,5882,5276,5370,5159,7996,4105,5953,10490,6118,5017,6133,5168,5769,5897,5250,5766,8171,5105,6076,10761,5258,4202,5387,4610,5625,5758,4645,4662,7835,4379,5297,10229,5256,4022,5551,4665,6409,5061,5768,5466,7100,4768,5596,12379,6191,4825,5761,4585,7237,4992,5378,4977,6989,4759,5521,11998,5806,5440,5601,5079,6305,7393,6254,4741,7545,5076,6418,13399,7346,5879,4824,6109,5922,7837,5574,4486,8290,4427,5773,12353,6194,5070,4106,5860,5485,6980,4649,4472,6942,4782,4862,10382,5139,4238,3910,4556,5522,6510,4007,3747,5795,3890,4547,9516,4673,3750,4628,4244,5578,5953,4796,3943,5692,4139,5245,9705,5260,3988,4257,3520,3598,5618,3935,3759,5390,3421,4080,8090,3989,3340,3569,4627,4505,5959,3927,3409,5406,3338,4126
4,        Indonesia,218439,244364,181468,177211,169866,162901,223463,205552,197881,236847,195890,192616,251772,266033,194446,183714,173613,163910,209826,200085,189182,243892,204970,190713,268958,244322,184281,180884,175603,168122,229886,217052,183758,220067,171507,156448,168975,197261,144444,133408,120169,108252,119086,110094,86745,58330,13622,6872,5885,11177,5756,1954,669,315,156,519,1800,3278,3032,2176,2625,4204,3121,2424,1428,1027,793,301,196,208,46499,115351,282144,339505,266774,251936,237637,228095,294173,311036,215825,240868,249164,213991,261622,321060,226425,225244,224629,217787,263277,332990,227536,235260,260685,221178,265384,330156,231705,221036,216278,217339,268010,281171,220534,248048,256636,208853,254634,329994,219845,213070,186610,210626,319759,235444,258606,215353,238160,216284,249876,311475,200687,204574,187629,205671,305600,238403,238688,207138,211347,184183,236295,315395,219369,226630,206593,234710,296880,278181,267714,230236,246308,219036,284126,321257,238233,246115,218751,328174,260700,295907,251092,218602,259244,196059,254725,307155,229432,215668,195481,276938,246772,253510,228359,214289,227695,211738,230500,284232,188488,193879,221319,228209,251419,253383,199881,194335,191842,177003,208232,262235,176118,178939,243869,165525,232630,214445,185809,163076,166036,143921,173640,214634,143014,137011,182901,131985,169634,159603,129444,126815,128446,103501,118342,180678,119530,158276,144158,134811,168492,154546,137243,131809,155238,124940,155708
5,        Malaysia,116682,116067,117163,110303,120634,88675,88384,100986,111673,109253,104150,105762,102328,105622,101920,103432,112151,79895,83068,83558,95621,106186,120242,100051,93381,102683,93414,88643,89384,88044,84876,85945,98347,98190,97835,88040,72756,95475,72305,77092,81914,63905,61575,49878,43214,25319,10610,4468,5203,10939,2537,2104,797,683,554,402,844,1442,1530,1130,1255,1405,1270,1415,1063,718,626,464,157,96,14887,40829,90720,133278,111473,97378,98438,100225,93071,102074,106518,95076,106200,88706,88293,142986,117793,103676,106880,103490,94611,113049,91244,98351,109897,85212,86833,135260,105404,96015,90837,91135,87138,102776,90335,94550,105372,85058,84504,128897,101549,92736,93519,81655,100397,91901,92668,97070,98135,85850,87208,130551,106214,88338,93334,88834,102347,100074,100340,90515,101929,82408,86193,143276,106313,97184,99339,93222,101461,108945,100648,94982,107002,91181,89482,142131,129955,98097,98973,116392,93299,107286,109517,95414,108683,91895,89300,135669,124008,93945,90484,107841,90449,107356,99568,96892,108054,88451,88970,130493,104972,88770,103060,91344,90175,97856,90528,87230,96418,81747,78342,129821,99975,82803,95484,75916,82611,93089,81937,77476,81757,68678,67942,110760,82747,69426,68008,61893,54087,61465,54995,51299,59660,45726,44243,84324,60463,54973,44892,44118,46968,53217,52115,53749,56359,50318,45984
6,        Myanmar,15177,17510,15009,15335,13047,13930,14310,12392,13698,16881,14813,10923,11794,14421,11345,11801,9580,9852,12474,12154,13356,15985,15327,10682,12361,13146,11774,11360,10631,10159,10811,9877,10104,11787,9122,7734,8982,10523,9070,9078,8341,8594,10398,9095,6218,5474,3516,2024,2954,2991,1242,312,159,87,247,175,720,1176,964,905,1223,716,472,331,244,155,52,8,7,6,4762,8018,11341,13536,12598,13824,11742,11942,14805,12899,13300,16252,13499,10522,11074,12753,11846,12874,10211,10759,13189,12008,12274,16422,13797,9594,9883,13462,11402,11616,9888,10934,12619,12144,11705,19610,12656,9783,9902,13691,7648,8218,7102,8012,9937,9731,9470,14495,10517,7090,7703,9680,7625,8762,7461,8000,8757,9326,9162,12969,9681,6204,7825,9859,7973,8958,8294,8903,9345,9530,9538,15255,9789,7513,7807,9892,7531,8934,7190,7020,8427,7718,8432,13031,8693,5680,6819,8073,6870,6935,6502,6527,7699,7397,8984,12114,8197,7038,6710,8594,7096,7624,6966,7256,9196,7571,7893,11168,8466,5897,6457,8277,5953,6482,5376,5838,6879,6236,6556,9646,7000,4583,5512,7056,5694,6249,5042,4850,6147,5150,5512,8226,5916,4909,5521,6928,5738,6581,5815,6680,7068,6292,6199,8873,6989,5329,6090
7,        Philippines,42526,65491,59859,64398,51355,61462,62381,66647,74560,69047,51623,50154,49088,72162,66942,61489,55976,60174,72589,76120,58311,53154,100271,55604,46287,62866,61213,54649,50679,61802,77160,71409,59346,57030,50591,47446,38484,56509,54793,56747,44856,42542,45338,32139,22379,16940,6250,2026,1469,1966,2450,1042,655,392,438,262,745,789,1112,880,763,1175,710,1076,360,480,400,128,65,32,11860,32073,49522,76603,72701,73812,62660,66587,68893,73977,89800,83453,59383,52211,49245,72787,66526,68218,57241,63556,64757,68932,83657,79128,62876,45279,45184,65926,64826,60194,52500,53539,58727,62002,77671,81952,61816,51160,46187,68624,55814,57924,45804,50362,55005,56702,76646,74245,58963,47217,44334,68114,60583,58357,48209,52997,49724,53329,72159,72259,53649,41155,42839,64526,53508,58572,47246,51074,49506,56224,76976,73558,57050,44539,43702,64044,55195,61360,47879,51817,49225,55868,76929,73215,63521,44540,44201,58363,55125,56058,46880,45775,45249,49957,72484,75052,58682,50931,42248,57114,52726,63218,51859,49558,50938,52257,72488,76197,59922,48107,43339,55518,50094,52011,40672,39283,43441,44491,55312,54454,43959,32510,32704,41157,37810,38367,35289,35930,32072,33487,42460,44622,35718,28911,26249,37367,34208,38577,34314,34984,34135,33708,41872,39347,37117,28674,24635
8,        Thailand,26311,26805,27797,49763,26947,31917,36228,26174,39123,41843,29757,26711,23423,30436,26740,44447,27707,27966,32834,25459,32818,42507,45975,31089,27194,29987,26808,53442,32307,34938,41367,31029,40375,49727,43145,37156,29735,36006,34566,52274,32426,33284,36615,23406,18487,10647,3038,1622,1060,1421,361,623,290,264,334,99,163,246,178,179,221,323,195,229,260,206,243,158,138,153,2898,24667,34152,40733,40986,63335,39776,39919,51916,35558,45735,57010,45072,33685,34822,37270,38796,65734,40580,40452,53379,38113,49858,61015,47744,34566,38143,38710,39331,61448,39692,40993,48620,34623,47074,58504,47025,38502,36813,43619,35520,58094,36911,39434,49788,36982,52331,62514,48381,38650,44330,45441,38576,63693,39567,39579,45729,40121,45674,47838,43504,29889,36798,39035,35138,53916,35122,40849,43785,39083,46683,56136,46338,35161,35263,42796,34685,58887,36254,36548,41912,36018,48171,54728,44202,30311,32897,40548,33908,57136,34926,38137,34542,34526,42583,56217,43230,33176,28725,39338,29299,53133,33009,34385,40848,32783,44274,55662,45728,31019,33230,39250,30197,57951,30711,34804,37256,30712,38925,50657,31815,23154,24635,26830,23588,35977,23587,23533,26643,24479,27066,32151,28055,23335,22661,24747,21914,34193,24530,25901,28884,26211,30487,36226,31641,23320,25851
9,        Vietnam,22702,20692,24030,26319,23385,37835,45102,37168,30069,26579,23240,23212,26655,22642,24350,27140,27636,43400,50619,42327,31215,30810,35358,31776,25911,24680,27484,32730,34736,51381,60188,48924,50765,36630,31347,27896,31824,27661,30175,36242,41129,48939,48870,36857,21570,16657,2932,1055,627,840,407,264,104,89,116,36,147,239,363,286,553,803,566,759,310,230,169,40,11,5,5390,19791,46350,38451,45125,41501,44012,59034,78515,72441,49071,45613,41153,44283,32747,37772,38089,41185,43407,60051,79816,69697,53025,48758,41109,42823,35882,38618,36964,39013,40270,51866,71153,62831,43434,39370,37887,34586,35367,35494,33482,32192,32777,46773,59800,52449,40046,38398,33122,35731,29145,30159,29284,30686,28282,39519,54711,45490,35974,36472,30907,28150,28632,31185,29938,30552,28960,41775,55951,48999,36630,30234,31060,33053,26071,28896,27353,29011,28276,34980,47834,42194,30496,31863,27732,28981,22879,28176,25249,25749,25917,33230,46521,39560,30562,29837,28214,26059,27160,26995,23406,23285,26678,30612,45542,36751,24500,24152,23756,26850,19704,26550,21246,24692,24338,32844,43861,35590,26153,26681,21338,20478,19109,22030,19905,20939,17520,24506,32814,28171,20397,21663,18307,19292,19870,19903,17701,18719,16065,24828,29462,27272,18193,19097,17961,17171,12927
10,        Other Markets In Southeast Asia,8071,9603,10466,8084,9214,8248,10314,6555,6993,8280,5928,6145,6961,8565,7633,8052,6720,7701,9435,7548,6709,9059,7201,5898,6834,8703,8292,8829,6264,8992,9640,7457,8998,10053,6927,7037,7846,8097,8631,6353,7725,6878,7040,5417,3772,3120,922,530,252,441,46,28,30,22,19,4,11,12,33,26,38,30,19,24,14,9,13,0,0,0,1217,4523,9392,10503,9657,9523,11043,10000,10533,8856,9623,11022,7836,7902,8054,8926,9039,11302,8235,7890,8881,7605,10875,11981,8969,8085,7726,8841,8962,7500,9261,7401,8495,5851,6736,9116,5308,5417,6108,7204,6834,5342,4904,6225,6195,5215,6260,8517,4645,5006,4813,5114,5968,5817,3912,4952,5465,4657,4699,6045,3993,3641,4030,3924,5114,3787,5172,4653,5061,4353,5412,6759,3821,4653,4336,4338,4760,4706,3776,4062,4775,4179,4679,6049,3467,3453,3419,3550,4069,5059,3220,3332,4297,3388,3647,5027,3152,2818,3332,3332,3725,3266,3940,3413,4079,3112,3548,4463,2940,3082,3104,2723,3326,3771,2719,3528,3756,3364,3723,4705,2599,2786,3130,2488,2991,2824,2689,2937,2837,2184,2941,4023,2404,2079,2618,2615,3000,2726,2851,3140,2856,2359,2892,4427,1931,2457,2236
11,    Greater China,335259,219875,256442,295886,257049,488986,511059,259294,312599,275456,238828,324420,452741,240770,224281,290844,275553,484556,500095,277314,276637,278900,315946,401348,276899,176872,150216,177880,188758,289817,309869,167228,148053,150903,105132,82278,89388,60836,49506,42415,36676,33996,35493,23566,17723,13729,8563,6177,5759,5963,4307,6971,10099,9978,13514,7383,7852,9591,9467,4984,7222,8422,4475,3626,2845,2622,1410,220,29,33,8410,36496,413392,342199,319671,331072,318888,499809,498897,338988,349842,389376,365215,423941,393850,302561,280164,314537,309748,487260,470287,316668,330962,370121,349144,452920,358429,305363,311846,313669,289803,458502,455964,283320,298939,338068,328080,342756,389744,286667,247733,232317,232061,433176,430751,302687,304453,346908,328713,373011,302777,240080,221707,236418,219786,408047,383975,222897,214376,243881,198908,327971,207586,192653,194072,200246,173014,305291,309197,167167,172254,224305,232681,287243,264443,188271,182352,180418,241300,348046,366741,243393,263093,293857,280596,342660,256173,236886,235903,231172,183313,286756,288258,182892,195027,246075,240492,217565,270576,167257,149816,184153,156030,263202,277466,164488,169371,205001,179323,209673,181388,146472,138429,140932,117856,202152,191372,117363,122304,143627,130797,187197,135038,120167,123723,123066,92360,141676,124316,76165,86145,128044,125937,113312,145972,101998,111753,111262,100597,136725,154705,108212,124860,142790,140905,167633,145726
12,        China,271953,172688,203531,226010,207028,398206,414488,197185,242013,207505,187036,267974,376481,193483,174751,234528,217205,403138,412951,217656,222335,220435,247658,326900,211178,130156,104347,122765,135677,215442,231331,113290,95613,90725,60888,35312,28375,19685,16024,14971,14127,14735,16622,10191,7150,5048,4131,3823,4361,4764,3479,6065,8952,8907,12669,6983,7388,9056,8892,4498,6599,7657,4007,3169,2422,2163,958,118,23,18,1488,6222,329047,272742,248636,258611,248568,397070,389503,266107,283445,302098,300209,339550,320581,238194,220053,247664,239824,380108,361019,242118,264802,291119,274879,366616,291208,244241,251096,245755,226978,357287,349654,218118,232361,252135,264711,268993,316805,226020,193984,173185,170204,315548,311124,221614,234089,269560,241230,277926,229150,168831,158736,165649,149929,267122,246819,144533,141375,153784,130827,238011,140548,124615,131731,133993,105780,174150,180653,91485,95987,126507,165642,203600,188237,121232,119618,117955,179130,242256,248635,166890,198429,227870,205790,252958,189107,171109,177112,170529,128830,206734,201652,122630,139946,173543,182348,158002,201742,113390,100824,133563,104211,183890,183862,103335,110920,131797,129749,149941,132040,99578,94035,92627,74457,130593,117778,69081,71636,91702,88038,143050,98918,87983,90358,83273,59588,86530,72326,41650,52058,86525,91275,80037,105144,66689,79096,76836,66582,91325,105528,70565,86785,107639,98180,121031,108486
13,        Hong Kong SAR,19419,21355,25066,26182,22474,38784,38198,27750,32814,34549,23378,21228,25869,23487,24541,25197,26627,35682,33769,23831,24044,26453,35786,26507,23419,26440,22646,25108,25848,32627,32175,23179,26356,32791,23465,20227,26208,26605,19670,16052,13659,10669,11343,9220,8115,7244,3774,1794,901,754,527,494,669,602,750,361,276,221,245,245,288,510,313,300,291,342,333,68,2,13,5315,12808,38681,44954,40383,36073,35351,52768,50820,36226,36429,52206,34355,38921,30056,36982,32620,34865,35588,56484,52507,38115,36379,41414,41979,36433,29758,36712,33174,32964,31937,55265,54124,32684,33784,53971,33561,33169,34436,36763,30832,31512,30252,70842,69847,42330,39959,42712,58341,49837,34742,45853,37241,41272,40315,89436,82817,45453,45742,58959,41803,46985,34012,45669,39019,40146,39931,87173,80808,47182,47859,69675,43218,48440,41909,44788,38801,37570,33514,61337,67662,43857,40898,40252,50220,48473,32438,42299,36704,38630,34584,48138,50113,36897,33091,47141,35154,30416,39000,36204,31543,31027,31113,49034,56960,37962,37886,52413,32721,38190,29322,32636,29852,32834,28469,46696,46727,32190,32047,35564,26245,24904,19415,21046,20525,25512,21509,36218,33382,21703,21529,28587,21290,19720,23399,22238,19197,20016,20765,26847,28218,23055,22867,20232,27600,27263,19817
14,        Taiwan,36073,20670,25070,41971,26379,47731,54386,32582,35961,31428,26892,33492,46126,20557,23190,29237,30408,42282,49930,34154,28797,30309,30344,45705,38454,17394,21575,28466,25818,38432,43097,28980,24313,25280,19204,25037,31444,12603,12592,10543,7918,7420,6104,3302,1961,1052,597,531,430,392,279,378,442,456,79,29,178,302,316,231,325,244,146,152,128,113,115,34,4,2,1419,16922,42608,20723,28548,34588,33138,45776,55340,34189,28308,32924,29032,42977,40086,24048,25608,30334,32317,46429,52987,34122,28056,35913,30448,47769,34907,21430,25919,33282,29364,42151,48487,30655,31092,30142,27976,38866,36187,21454,21568,26270,30267,42274,46691,36718,28809,33107,27401,42569,37087,22303,24062,27525,27836,45292,50278,30565,25498,29229,24694,40059,30685,18577,21240,24197,25373,38422,44229,25807,26699,25865,22115,32874,32033,19212,22197,23246,27180,40571,47290,29680,22261,24261,22606,39087,32717,20995,20223,20456,18385,27903,33511,21006,20607,22999,21401,27260,27457,15153,15865,17775,19057,26574,33454,20445,18758,18828,15222,19139,18218,12186,13133,13854,13486,20959,23937,13542,17111,14509,15220,17738,15511,10039,11900,13208,10443,17490,17351,11486,11602,11970,12542,12744,15986,11947,12535,13503,12303,16923,19398,13146,14276,13944,13778,17829,16342
15,        Other Markets In Greater China,7814,5162,2775,1723,1168,4265,3987,1777,1811,1974,1522,1726,4265,3243,1799,1882,1313,3454,3445,1673,1461,1703,2158,2236,3848,2882,1648,1541,1415,3316,3266,1779,1771,2107,1575,1702,3361,1943,1220,849,972,1172,1424,853,497,385,61,29,67,53,22,34,36,13,16,10,10,12,14,10,10,11,9,5,4,4,4,0,0,0,188,544,3056,3780,2104,1800,1831,4195,3234,2466,1660,2148,1619,2493,3127,3337,1883,1674,2019,4239,3774,2313,1725,1675,1838,2102,2556,2980,1657,1668,1524,3799,3699,1863,1702,1820,1832,1728,2316,2430,1349,1350,1338,4512,3089,2025,1596,1529,1741,2679,1798,3093,1668,1972,1706,6197,4061,2346,1761,1909,1584,2916,2341,3792,2082,1910,1930,5546,3507,2693,1709,2258,1706,2329,2264,3039,1736,1647,1476,3882,3154,2966,1505,1474,1980,2142,1911,2483,1864,1557,1514,3981,2982,2359,1383,2392,1589,1887,2377,2510,1584,1788,1649,3704,3190,2746,1807,1963,1631,2403,1808,2072,1409,1617,1444,3904,2930,2550,1510,1852,1294,1505,1194,1099,940,1073,820,1438,1257,1326,956,962,830,811,1443,1124,925,907,947,1630,1561,1446,932,975,1347,1510,1081
16,    North Asia,112462,78605,95024,105737,95066,157987,115666,71544,80466,63898,104090,128147,119529,85933,84039,94009,102800,142900,108673,73480,78968,69859,97048,114583,117148,71445,84154,83818,94298,130666,103861,65648,68419,54012,71803,97981,78923,52077,54365,45806,45900,50394,40886,25153,16953,9940,3555,2508,2505,2770,2032,1264,1299,714,499,219,451,1068,1008,743,987,1149,1042,790,568,828,827,185,38,34,12809,69624,127547,118932,125534,136707,132515,173762,130551,102441,102715,104688,131235,132146,139127,105988,124453,127966,124766,163269,125988,98947,100225,94826,132206,121367,139610,107072,127487,118060,117359,155871,121532,102427,106798,95081,126243,132843,113643,101187,100810,97212,106835,155678,119480,98803,99965,91011,120159,123252,136486,111637,112895,117039,113105,153400,116129,90541,96909,88349,122861,113888,130360,112880,109720,113472,113725,151961,116155,93685,96160,87061,127048,121222,119359,106966,113069,108282,109529,138341,112139,94290,89444,84637,124217,108731,116158,100909,104935,97453,97357,130287,103740,86815,83112,80556,109198,112776,96683,92226,94486,91377,92553,116472,96250,72355,75400,66392,89686,95076,89922,74178,79441,72547,70739,90929,77397,66601,69073,60001,82015,70307,77235,60515,58613,59384,68331,83076,77111,49216,51730,53014,67628,70257,63943,69963,72743,78748,74721,96109,87345,76951,78866,70311,97077,88478,103460
17,        Japan,43090,42592,53018,54862,59315,92867,56097,35118,40441,31817,65548,55785,40053,43001,44327,51819,57825,81803,51162,33936,39077,32434,54884,45284,37684,32124,41412,38073,45989,68304,42730,25370,29130,22134,36302,32932,18335,20209,22698,17459,19317,19153,12266,8386,6321,4343,869,534,552,580,430,779,780,341,297,121,281,797,601,358,555,712,763,513,353,511,565,137,30,25,11611,53425,57234,69706,72765,80106,80823,108104,71410,56709,59138,65212,84048,69885,66402,63738,73787,74019,77013,100491,68146,53413,53474,50253,83064,68191,64087,63553,75348,64624,69742,94900,63193,52932,54012,46245,82293,72654,53377,62570,64466,62858,68997,93619,64715,54993,55006,49613,79146,65604,62275,66719,67840,66416,73972,92793,67682,53257,52971,46687,79941,62422,58479,71920,69415,68609,74408,95248,69419,56044,54173,50751,85946,69230,59578,70932,72603,68034,73786,92179,70113,57757,55491,53292,87359,68442,62857,69538,70696,62436,65991,82747,61139,52387,50006,49203,74995,67306,50672,62585,61293,57677,62395,72034,55479,38061,41594,38311,59999,58190,48799,48844,51542,43497,45012,56680,44649,36469,36827,35179,51836,40669,37747,40420,38949,43247,52561,50698,46633,28060,29800,31633,46797,42807,38382,47602,48225,47736,48771,53699,47659,40879,42382,36301,57364,47449,52973
18,        South Korea,69227,35924,41934,50782,35676,64983,59416,36356,39936,32026,38446,72230,79301,42842,39600,42088,44886,60986,57399,39496,39825,37346,42064,69112,79254,39198,42614,45621,48187,62177,60960,40187,39203,31780,35396,64876,60457,31817,31627,28294,26520,31174,28570,16724,10614,5578,2686,1972,1953,2187,1600,485,519,373,202,98,170,271,405,385,431,437,279,277,215,317,262,48,8,9,1198,16195,70277,49219,52765,56598,51660,65643,59119,45706,43561,39464,47168,62241,72704,42223,50634,53926,47734,62729,57823,45325,46720,44550,49127,53161,75502,43484,52123,53430,47602,60957,58326,49487,52762,48829,43942,60174,60247,38601,36314,34346,37742,62018,54700,43766,44932,41356,40959,57595,74180,44821,44988,50582,39063,60468,48375,37193,43883,41602,42872,51415,71820,40918,40230,44810,39276,56623,46666,37589,41946,36247,40995,51930,59745,35986,40388,40157,35599,45986,41913,36409,33857,31296,36755,40229,53193,31232,34014,34713,31247,47383,42524,34394,33018,31252,34077,45397,45933,29605,33145,33594,30112,44364,40587,34233,33736,28004,29619,36810,41070,25255,27814,29009,25665,34169,32673,30033,32161,24785,30113,29589,39437,20033,19620,16069,15714,32332,30389,20991,21854,21323,20759,27387,25516,22308,24445,30930,25914,42338,39614,35998,36412,33946,39683,40998,50432
19,        Other Markets In North Asia,145,89,72,93,75,137,153,70,89,55,96,132,175,90,112,102,89,111,112,48,66,79,100,187,210,123,128,124,122,185,171,91,86,98,105,173,131,51,40,53,63,67,50,43,18,19,0,2,0,3,2,0,0,0,0,0,0,0,2,0,1,0,0,0,0,0,0,0,0,0,0,4,36,7,4,3,32,15,22,26,16,12,19,20,21,27,32,21,19,49,19,209,31,23,15,15,21,35,16,6,15,14,13,8,24,7,8,15,19,16,30,8,96,41,65,44,27,42,54,53,31,97,67,41,70,139,72,91,55,60,48,51,61,42,75,53,41,90,70,52,41,63,107,62,36,48,78,91,144,176,113,124,96,49,103,60,108,139,225,304,119,157,77,34,88,101,126,73,78,36,48,106,46,74,184,61,70,77,68,76,53,79,85,41,62,80,75,99,85,37,66,49,51,62,44,68,56,46,89,165,76,58,72,63,45,53,73,82,36,72,72,74,72,64,30,31,55
20,    South Asia,109579,121084,108133,129632,124045,118102,112130,136490,176875,143843,120378,94262,107445,129414,113092,125793,108914,113390,112631,143130,178227,128285,113228,83642,102934,114964,109957,114672,100567,104652,114733,133366,147713,114668,92470,76883,72231,91730,91381,101510,104616,94325,95003,76667,69978,52271,36779,20077,16901,33939,11879,4055,1105,112,342,19,122,5640,7233,4697,5186,2670,653,566,487,717,688,147,86,95,24252,64947,123324,146360,139058,142972,129203,135500,138129,170742,202168,145854,128593,108449,126665,144231,142818,140584,126605,130017,145372,179143,218406,152229,130137,102173,133622,146232,109309,144299,128319,118131,123743,156862,195198,134505,107296,95038,100555,123606,114255,119033,97415,107278,115028,130189,164572,121482,99974,82979,103184,114739,109202,110301,91560,101316,106930,121413,151623,108179,91552,76576,94529,107009,92377,110357,85979,95406,91829,117244,138919,103761,90346,81187,85714,109328,93631,93071,84032,90823,94977,121033,141973,101705,91079,76153,92370,103142,93535,92897,78515,84393,89931,114364,142003,98688,82938,78699,73360,102226,89970,95389,76611,78694,93197,108583,131217,94611,74389,65802,80526,96082,89484,92987,71215,75340,86537,102568,133278,94417,70804,59574,74021,91153,66228,85135,72841,73878,87003,95946,104524,73709,61328,56130,61028,84023,73883,85228,69508,80388,85471,104211,122586,84085,76460,65091,76189
21,        Bangladesh,12247,14014,12430,14389,14045,13833,13576,14023,12456,13591,11219,10851,12532,13441,11092,12938,11473,11027,12236,12594,10959,11707,8616,8792,10332,11743,10118,10721,10240,11124,11100,9685,9529,9824,9711,8006,8789,9857,10481,10975,10694,10828,13119,7352,6352,7595,7480,3361,4893,5559,4170,1079,385,2,1,3,32,1700,2736,1203,1027,267,65,52,36,35,3,11,1,4,3738,6054,11631,13812,11040,12810,10698,11808,12564,13393,9595,11091,10894,9321,9960,11297,9001,11206,10074,11010,10784,11161,9341,10084,11243,9397,11716,12479,9023,9555,11277,9652,11416,9972,9548,8949,10218,8788,9712,10960,9830,10078,10081,9694,12303,8949,10700,10303,10845,8445,11151,11554,9272,10394,10159,10353,11793,9737,10447,9809,10186,7960,10923,11631,10027,10722,9486,11690,10108,11100,9853,9817,10721,9343,10428,10783,9899,9843,9589,10463,11364,10360,9611,9832,9617,7379,10584,10096,8922,9456,10030,9707,10330,9782,9231,9279,8951,7639,7250,8366,7610,8085,8866,7316,9038,7984,7830,7707,8133,6368,8228,7879,7439,7543,7942,7144,9373,8524,7704,7529,7747,5726,7762,8001,6735,8291,7105,7442,9521,7387,6427,6521,6699,6299,6209,7292,7379,8167,7914,8481,9581,8853,8495,7718,7986,6700,7252
22,        India,85995,96629,84252,103054,99038,91142,85791,112726,154403,118660,101198,74869,85400,103740,92905,102233,87767,91805,89701,120380,156572,106715,97027,66149,82113,92620,90231,94334,81016,83601,93056,114588,130444,97032,75339,61301,56605,74067,73694,81796,86393,76249,75130,64337,59198,41079,27531,15567,11428,27672,7488,2936,678,95,332,12,84,3729,4193,3215,3946,2252,500,428,394,581,634,130,79,87,17848,52946,99643,115193,113717,116182,105075,108736,112026,144118,182727,120225,106506,88926,104562,117495,121319,114000,102251,100744,117798,154945,196072,122229,105560,81797,108067,114738,86432,120100,102262,91551,97125,136478,172822,109303,85299,75905,80062,94323,90734,94649,75074,80977,87919,112026,141986,94578,78859,64702,81363,87950,88350,86649,69846,77137,83806,101773,130511,84041,70302,60016,73605,82520,71555,88855,65751,69960,72724,94738,118953,79536,70488,62999,65557,83161,74389,72429,64556,66274,73550,99754,122030,76103,70480,59665,71162,78272,74794,72348,58748,63579,68749,93694,124147,76035,65547,61815,57265,78434,72387,77196,58309,60926,71209,90742,114316,74097,57601,50696,63078,73532,72920,75574,54860,57109,64912,83472,115965,73219,53966,46061,57404,70097,49836,67239,57110,54631,65978,78538,90395,55994,46779,42275,46752,62641,56927,67510,53488,58626,63373,84143,103468,62908,57776,49078,58365
23,        Pakistan,1974,1859,2371,2143,1753,2660,3215,1978,1039,1487,569,1708,1809,2109,1569,1516,1459,1717,2818,2020,1309,956,824,1626,1411,1629,1404,1484,1360,1497,2654,1724,1222,684,1060,1584,1452,1623,1643,1492,1199,1458,1405,999,448,147,54,28,68,59,36,6,6,4,2,0,0,13,30,14,25,37,18,28,22,42,24,3,1,0,285,742,1774,1976,1474,1370,1474,1547,2581,2698,856,1293,1419,1327,1959,2373,1464,1643,1808,2519,3833,2550,1492,1893,2382,1302,2071,2521,1816,1552,1968,2159,4160,1421,1383,1434,2050,1522,1520,1947,1473,1901,1893,2494,3823,1196,1824,1439,1409,1250,1563,1764,1446,1857,1383,2250,2281,1947,1291,1125,1234,870,1500,1505,1242,1161,1115,1951,1374,2799,1357,1225,1570,1117,1259,1628,1309,1675,1419,1956,1512,2770,1646,1572,1734,1249,1778,1717,1395,1368,1710,1394,3327,3119,1489,1294,1492,1405,1496,1850,1486,1574,1319,1154,3568,2740,1653,1490,1361,1161,1572,1777,1401,1469,1125,1510,3908,2926,1565,1707,1662,1292,1585,2165,1495,1461,1055,2358,3756,3014,1460,1442,1503,1314,1257,1844,1739,1335,1115,2492,3749,2551,1663,1502,2055,1252,1701
24,        Sri Lanka,4557,5693,6311,6025,5784,7157,6216,4463,6177,7127,4974,4342,4463,6804,4970,4837,5221,5767,4921,5036,5780,6187,4449,4111,5586,5975,5048,4487,5156,5567,4509,4368,4276,4897,4088,3829,3083,4270,3896,4707,4430,3901,3058,2709,2759,2928,1529,885,444,587,150,19,15,6,2,2,5,165,238,107,172,90,46,34,32,36,18,3,5,2,1660,3591,6236,10983,9755,8108,8314,9693,7768,7221,6772,10438,7044,6277,6367,9116,8097,9312,9442,12264,10183,7904,8880,15128,8101,7316,8059,12684,9585,9313,9322,11805,7806,6806,8870,12363,7058,6246,5931,12307,9161,7825,7745,11142,7919,5764,7434,12708,6699,6577,6624,9960,7432,8083,7477,8965,6782,5832,7652,11103,7640,5987,6139,8608,7603,6987,7536,9649,5711,6369,6994,11131,5772,6006,6440,11380,6408,6932,7144,10237,7038,6206,7066,12588,7474,6392,6741,10726,6607,7229,6398,7979,5847,6040,5346,10243,5286,6251,5407,11387,6560,6469,6394,7586,7585,5296,5744,9706,5635,5908,5721,10477,5786,6295,5759,7816,6207,5750,6043,9961,5375,4734,4770,8090,6078,6242,5616,7523,5820,4992,4544,7845,4340,4598,4322,9304,5631,6018,4969,8029,6286,5799,6283,9426,6073,5789,6211
25,        Other Markets In South Asia,4806,2889,2769,4021,3425,3310,3332,3300,2800,2978,2418,2492,3241,3320,2556,4269,2994,3074,2955,3100,3607,2720,2312,2964,3492,2997,3156,3646,2795,2863,3414,3001,2242,2231,2272,2163,2302,1913,1667,2540,1900,1889,2291,1270,1221,522,185,236,68,62,35,15,21,5,5,2,1,33,36,158,16,24,24,24,3,23,9,0,0,2,721,1614,4040,4396,3072,4502,3642,3716,3190,3312,2218,2807,2730,2598,3817,3950,2937,4423,3030,3480,2774,2583,2621,2895,2851,2361,3709,3810,2453,3779,3490,2964,3236,2185,2575,2456,2671,2577,3330,4069,3057,4580,2622,2971,3064,2254,2628,2454,2162,2005,2483,3511,2702,3318,2695,2611,2268,2124,1722,2101,2190,1743,2362,2745,1950,2632,2091,2156,1912,2238,1762,2052,1795,1722,2030,2376,1626,2192,1324,1893,1513,1943,1620,1610,1774,1468,2105,2331,1817,2496,1629,1734,1678,1729,1790,1837,1662,1589,1942,2189,1927,2065,1723,1712,1797,1821,1674,1611,1659,1669,1927,2417,1938,2106,1529,1761,2137,1896,2001,2001,2054,1761,2500,2800,2084,1902,1955,1924,1928,2015,1698,1907,2007,1644,2488,2942,2207,2198,2022,2760,2482,2865,2677,2531,2570,2272,2660
26,    West Asia,14051,16073,16330,16177,16083,24000,25518,17308,13493,16714,17669,13566,13666,15103,15092,14707,15370,21344,23608,16007,10769,17470,13591,11498,11377,12730,10698,11379,13928,19790,22773,15806,9408,11604,12923,9159,8180,10007,9139,9382,9810,11241,12301,5839,5283,3997,1721,620,288,361,373,313,158,207,143,57,108,150,142,94,141,175,112,128,117,92,136,25,6,8,1019,5452,13545,14757,12438,12276,11778,22847,20611,14877,8729,14102,15025,9935,11527,13458,10396,10437,11098,21407,19564,11585,8787,12030,20025,11038,13833,14639,11524,11036,13738,21152,20463,12753,10189,12708,22042,11749,12581,14895,11281,11017,17859,22592,24247,8629,11708,12264,20822,11158,14073,15497,11096,10882,15313,22048,20337,9962,10058,12262,16316,9073,13037,14667,10844,14898,11961,27567,16438,12928,9852,12344,15614,11577,11464,14064,9690,15847,11861,24739,12094,13492,8816,11626,14304,9734,10529,12180,9208,12244,10867,16915,15998,14077,8702,10029,15711,10478,10230,12264,14584,9542,13020,13462,22187,12476,9512,9340,17157,10652,10097,10819,13507,9647,12752,13658,20156,11631,8692,9170,17358,10370,8796,9917,10364,7365,8743,12389,14654,9494,7251,7817,14730,7176,7109,10542,7112,8528,6922,15263,15161,9461,6135,7158,13567,6882,7206
27,        Iran,501,650,571,493,539,285,114,194,222,509,1565,325,390,430,400,385,853,521,404,437,340,404,2207,506,409,427,560,521,1009,406,298,322,190,421,1414,175,156,126,232,232,184,122,135,169,127,21,12,4,3,11,5,10,6,2,0,0,0,4,8,4,4,6,8,2,6,11,0,0,0,0,8,518,493,581,698,738,1083,798,413,388,212,323,1864,446,420,292,342,233,551,874,923,822,551,937,4963,1777,1673,1304,1402,1423,2840,1724,1423,1607,1115,922,8000,1704,1421,1391,1632,1718,2534,1901,1529,972,1198,819,6275,1516,1156,1397,1048,943,1473,889,665,646,488,548,2937,632,601,934,758,756,1254,892,844,685,443,577,3433,896,898,1090,732,883,1431,961,606,699,421,504,2223,731,675,693,738,575,1747,1985,1403,1345,924,886,5048,1483,1726,2029,1827,1706,3485,2339,2182,2020,1678,1064,8787,3038,2279,2669,2512,2215,4182,2727,2032,2118,1448,1184,10024,4042,1779,2054,1722,1336,1934,1864,1249,1362,790,911,8136,1525,1034,1392,1063,1243,1336,1714,844,1021,634,772,6760,1259,1045
28,        Israel,2476,1909,1942,2855,2267,1942,1784,792,1546,2126,2413,2133,2116,1494,1877,2123,1779,1299,1321,1138,1303,1447,1284,1346,1075,693,592,1029,1805,1669,1596,1012,1184,1275,1639,1510,1342,916,1403,2186,1990,1199,1145,753,930,703,321,298,94,99,131,107,33,60,65,30,48,62,30,11,28,49,37,27,13,16,40,4,4,0,211,1377,2958,2032,2009,2982,2160,1937,1866,1502,1523,2071,1945,1896,2374,1682,1704,2073,2379,1931,1756,1426,1288,1775,2115,2138,2118,1571,1566,2051,1528,1610,1807,1171,1627,1698,1633,1799,1630,1441,1729,2232,1639,1556,1446,1007,1371,1270,1582,1655,1707,1196,1421,1456,1356,1323,1266,1087,1188,1264,1414,1347,1425,1120,1602,1441,1134,1166,1065,1193,1075,1273,1320,1556,1325,1167,1175,1254,1330,1270,1313,1215,1044,1023,1241,1196,1351,1035,1091,1331,1171,999,1239,1088,977,979,1216,1336,1138,778,1085,1136,922,1006,1170,881,984,931,1084,1040,1120,903,1310,1109,785,1199,918,1174,1029,957,1175,997,1277,886,1051,1083,857,1088,856,846,745,606,1025,994,847,789,1002,1075,912,892,863,905,828,816,1024,1149,1147
29,        Kuwait,585,448,347,293,513,1946,1234,956,370,324,243,496,754,530,352,352,598,1957,1242,1007,217,313,176,510,955,512,269,473,521,2157,1511,967,305,308,205,359,672,476,229,222,468,1053,747,281,115,52,4,4,2,1,16,4,5,7,0,0,0,0,0,5,0,1,0,0,3,6,0,0,0,0,16,125,1127,729,450,357,382,2110,1663,932,130,514,522,662,1174,778,375,370,385,2347,1634,751,280,511,624,566,1173,726,422,343,555,2124,1604,576,314,436,703,508,1154,779,365,372,1399,2224,1946,259,549,404,674,470,1682,878,327,550,1024,2395,1631,538,463,476,546,519,1420,781,404,896,532,2784,1208,769,390,448,587,1471,766,902,371,1108,850,2943,475,857,320,479,550,1302,456,698,416,550,597,1231,965,979,318,389,340,655,483,495,668,361,710,580,2404,862,378,342,392,631,455,403,723,380,535,719,2548,806,451,305,468,587,443,412,413,254,345,821,1843,572,276,197,188,228,201,450,221,265,137,1094,1022,404,157,220,250,310,308
30,        Saudi Arabia,2719,1726,2979,1796,1950,3941,5047,3991,1616,2251,1401,1856,2381,1914,3429,1597,1929,3065,4544,3589,1384,1954,812,2003,2079,1568,2652,1764,1844,3123,5249,2965,836,750,880,688,532,689,1085,738,813,1190,1417,558,333,201,79,29,37,46,39,27,17,32,6,1,2,7,1,7,11,2,11,11,3,5,2,0,1,1,44,407,3007,1344,999,909,959,2490,2489,2204,378,1019,952,765,963,1304,768,703,807,1677,1708,1183,452,625,903,523,1276,817,754,621,883,1315,1427,640,594,928,1111,835,1065,809,1123,598,1750,2074,2278,501,1049,789,1332,797,1420,903,797,893,1845,1932,2177,735,711,873,1777,948,2500,1292,1660,2349,2311,5290,1760,2205,1556,1379,2037,1322,2617,1219,1007,2588,1089,3606,935,2839,954,1089,1610,972,1988,1100,1006,2517,1080,1785,2176,2519,874,1029,1244,975,1664,1167,1907,1142,1545,1056,3696,1512,936,1231,792,1208,849,793,1554,902,1345,972,2400,942,771,1038,689,714,513,714,1069,666,771,1503,1807,849,671,719,781,819,446,855,607,750,474,1911,1592,885,533,719,687,640,443
31,        United Arab Emirates,5466,8590,7776,7900,8573,11549,12316,7971,7438,8860,9571,6240,5750,7869,6699,7301,7831,10764,11518,6516,5435,10518,7311,4982,4759,7156,5120,5534,6769,8749,9793,7525,5240,6714,6795,4971,4074,6135,4888,4671,4980,5974,6322,3012,3047,2539,1084,203,110,141,152,127,82,78,42,22,42,59,67,58,70,93,48,73,69,44,75,19,1,2,587,2268,4178,7174,6406,5338,5312,11049,9561,6917,5297,7716,7546,4409,4805,6704,5652,5129,5174,10476,9444,4969,4811,6215,8694,4311,4689,7163,5592,4922,5695,10315,9640,6688,5125,6122,8333,4834,4578,7575,4803,4527,7531,9881,11168,4478,5670,6712,8349,4470,5048,8192,5450,4984,6781,10164,10044,5101,5278,6628,7588,3871,4612,7868,4754,6704,5012,11862,8544,5676,4609,6512,6286,4072,3843,7039,4674,7356,5089,10701,6403,5375,4477,6582,6560,3873,4424,6444,4305,5100,4588,8068,7448,5716,4312,5282,6088,4211,3990,5857,6958,3710,4660,6637,9149,5064,4179,4447,4654,3429,3992,4513,5729,3683,4299,6133,8870,4620,3764,4301,3842,3036,3686,4299,4631,3078,3644,5466,6655,4115,3557,4177,3631,2678,3598,5317,3082,3898,3266,7253,8182,4625,3029,3491,3642,2439,2946
32,        Other Markets In West Asia,2304,2750,2715,2840,2241,4337,5023,3404,2301,2644,2476,2516,2275,2866,2335,2949,2380,3738,4579,3320,2090,2834,1801,2151,2100,2374,1505,2058,1980,3686,4326,3015,1653,2136,1990,1456,1404,1665,1302,1333,1375,1703,2535,1066,731,481,221,82,42,63,30,38,15,28,30,4,16,18,36,9,28,24,8,15,23,10,19,2,0,5,153,757,1782,2897,1876,1952,1882,4463,4619,2934,1189,2459,2196,1757,1791,2698,1555,1929,1802,4102,4099,2434,1405,1967,2726,1723,2904,3058,1788,1676,2237,4064,4562,2071,1414,2602,2262,2069,2733,2900,1629,1570,3006,4956,5880,1412,1871,2270,2610,2250,3060,2931,2053,2056,2834,5345,4554,1855,1930,2473,2054,1756,2479,2672,1666,2752,1718,5573,3017,2400,1779,2155,1951,2260,2015,2647,1731,2658,2072,5258,2362,2507,1600,1949,2120,1660,1635,2210,1652,2171,1684,2847,2767,2430,1297,1464,1775,1818,1229,1938,2139,1487,1698,1844,3586,2137,1357,1325,1448,1306,1402,1538,1679,1358,1606,1908,3388,1971,1229,1385,1160,994,1098,1552,1478,948,1192,1647,2244,1750,1212,1207,969,932,983,1739,1137,1297,797,2399,2658,1621,954,1140,1204,1085,1317
33,    Americas,99750,94875,87800,70841,60482,67200,86787,76490,65892,74503,94760,89921,97422,84452,86005,69879,64689,67753,82686,75896,73351,69011,85431,81002,84243,83791,80020,60726,62765,62996,81637,70361,70426,61029,73624,72702,67902,67342,61086,49922,46342,44100,47365,36723,25106,14729,6521,4442,2928,4590,2231,1092,867,1001,777,245,342,684,582,523,669,656,522,506,443,506,443,153,38,13,15567,53615,98790,100218,82972,68654,64342,71328,88663,81305,69238,75440,91115,77043,92393,85208,75548,62266,56056,60752,76827,70116,62094,69578,85412,76079,81781,73679,74042,54388,48313,53414,66833,64461,54290,55814,72468,68575,72376,67650,60401,53083,42901,48661,59258,56233,50578,52570,63521,58800,66988,60391,55155,52973,42354,49942,56521,55325,48014,49143,64764,57924,64780,57955,52340,47969,42437,47977,54556,50633,46359,48811,66875,58987,60370,55788,51911,50079,43109,49860,56981,56119,47760,52338,62006,54112,61382,57292,52501,50635,41010,46622,55947,52552,46711,47323,60074,54048,51653,47529,48158,47929,37354,43227,53651,47880,43167,45449,56454,43634,49308,44765,43978,45972,34775,44148,50467,46349,40131,43034,46657,39669,44900,42170,43839,41428,30958,40065,45315,39140,33982,36347,41421,35014,38044,41347,40132,41640,31823,40453,48591,42579,38871,39477,50240,42718,47540
34,        Canada,17774,14791,14503,11814,8992,11370,11657,7461,10765,11702,17576,16299,16855,12839,14791,11402,9230,10796,10894,7987,11155,11325,12439,12948,12878,10998,13173,9006,8407,9877,9770,6664,12592,9428,12626,13407,11207,9047,9638,7217,6594,6116,5268,3651,3604,2004,871,545,469,743,229,121,139,72,53,14,27,50,77,76,87,71,62,47,45,39,49,10,0,0,2414,9146,15044,14314,11355,8869,7996,11130,10260,7436,11015,11429,15968,13833,14958,13614,12031,8923,7669,9887,9182,6964,9354,10655,14317,13438,13482,10443,10203,7388,5999,7808,7924,6217,7617,7684,11493,11213,11225,10047,9104,7170,5257,6896,7547,5360,7211,7598,10517,10558,11209,9952,8581,7858,5196,6734,6984,5914,6637,7086,10515,9915,10875,9234,7662,6696,5022,6641,7052,5516,6803,6861,10905,10118,10317,9537,8000,7158,4937,7008,7401,5748,6699,7769,9635,8995,9798,8932,7659,7002,4858,6454,7346,5356,6166,7294,9930,8303,8495,7610,7843,6814,4554,6399,7098,5125,6116,7163,9415,6898,7897,7624,6485,6161,4337,6397,6646,4969,5457,6734,7048,6424,6860,6790,6391,5752,3761,5623,5732,4495,4956,5866,7104,6443,7121,7664,7040,6708,4273,6026,6838,5078,5699,6058,8239,7661,8760
35,        USA,71508,71927,63161,50146,44191,49956,67604,62920,47768,54197,68300,65777,70962,64842,61005,50339,47493,51082,65204,61459,54520,49741,64440,60333,62008,65946,58805,44140,46605,48489,64786,59074,50898,44779,54157,52830,50492,53688,45666,36734,34503,34497,39120,30990,19764,12001,5448,3775,2264,3720,1890,840,652,828,685,206,254,563,423,387,509,515,414,407,356,400,360,130,34,13,10408,37568,72577,76133,63363,52674,49493,54865,71343,67088,51455,54189,65415,56240,67151,64115,56184,46260,42379,46269,60786,57674,45553,50463,61354,54240,57991,54367,52454,40428,36834,41163,53111,52583,40789,40662,52107,49370,51562,50542,44971,40277,33262,38116,47089,46155,38422,39355,46658,42751,48852,45546,41457,39683,32749,39090,45139,44929,37117,36186,48341,42427,46845,43188,39705,36306,33053,38067,43508,41609,35355,36594,49729,44052,43746,41785,39620,37555,33741,39079,45176,45860,36909,38908,46881,40696,45736,43787,40170,38016,32008,36979,44265,43468,36739,35169,45720,41970,38922,36418,36701,36840,29821,34221,43187,39712,34105,34124,43236,33944,38267,34346,34324,36707,27957,34225,41173,39055,32124,33480,37123,31167,35514,33244,34402,32734,25190,32539,37270,32615,26832,28287,32022,26724,28845,31577,30713,31842,25160,32440,39087,35304,30862,31189,39004,33006,36447
36,        Other Markets In Americas,10468,8157,10136,8881,7299,5874,7526,6109,7359,8604,8884,7845,9605,6771,10209,8138,7966,5875,6588,6450,7676,7945,8552,7721,9357,6847,8042,7580,7753,4630,7081,4623,6936,6822,6841,6465,6203,4607,5782,5971,5245,3487,2977,2082,1738,724,202,122,195,127,112,131,76,101,39,25,61,71,82,60,73,70,46,52,42,67,34,13,4,0,2745,6901,11169,9771,8254,7111,6853,5333,7060,6781,6768,9822,9732,6970,10284,7479,7333,7083,6008,4596,6859,5478,7187,8460,9741,8401,10308,8869,11385,6572,5480,4443,5798,5661,5884,7468,8868,7992,9589,7061,6326,5636,4382,3649,4622,4718,4945,5617,6346,5491,6927,4893,5117,5432,4409,4118,4398,4482,4260,5871,5908,5582,7060,5533,4973,4967,4362,3269,3996,3508,4201,5356,6241,4817,6307,4466,4291,5366,4431,3773,4404,4511,4152,5661,5490,4421,5848,4573,4672,5617,4144,3189,4336,3728,3806,4860,4424,3775,4236,3501,3614,4275,2979,2607,3366,3043,2946,4162,3803,2792,3144,2795,3169,3104,2481,3526,2648,2325,2550,2820,2486,2078,2526,2136,3046,2942,2007,1903,2313,2030,2194,2194,2295,1847,2078,2106,2379,3090,2390,1987,2666,2197,2310,2230,2997,2051,2333
37,    Europe,208717,166089,163093,162710,148925,231389,194150,108667,133831,175269,193320,208194,200004,155696,161891,151359,149578,204247,166398,101854,125674,155963,198083,201201,191737,138310,141356,132680,137745,173132,144826,88537,113597,135415,161938,156384,131839,102982,109366,103897,100653,110258,83308,48879,42110,32971,14625,10444,7225,9450,5668,3453,2297,1515,874,286,499,1014,1085,1128,1690,1210,968,1066,1007,1078,850,266,90,47,67261,190088,225192,189183,179959,164050,159864,203813,173060,110587,119900,181375,213342,213198,224478,175053,167566,162926,159993,206031,176230,108999,121103,168796,210751,200960,204876,150754,159370,149618,138100,179183,154203,97934,107646,163089,188890,188107,177009,150103,144990,149426,123106,167971,140279,86155,103933,141925,181967,173348,179868,147577,146342,139262,119898,163413,136833,88472,99889,128157,160349,147155,158529,137315,134238,129264,120902,153482,124542,88947,100622,140349,168535,156630,162551,138066,135130,130033,117020,150069,130507,94881,101794,123042,170603,144455,155741,131438,131485,124645,113107,134641,122181,87205,91559,126201,165101,159924,150022,128389,130163,117723,104492,124298,113854,80166,87405,121349,140756,120443,132616,116043,129448,113339,95864,123392,107517,82013,92340,113930,144873,124919,130002,110895,122820,114992,98164,120519,107151,78469,82992,108721,130029,116089,116663,116318,117515,110068,94826,115651,106176,79538,85942,107745,141721,122346,124515
38,        Belgium & Luxembourg,2686,2570,2965,3033,3008,4703,5708,2238,2470,3139,2813,2871,2634,2533,2906,2865,3334,4458,5327,2252,2631,2969,2741,2444,2302,1912,2469,2371,2850,3466,3995,1646,2066,2144,2215,2079,1707,1458,1965,1730,2190,2256,2206,885,765,564,214,70,61,68,51,22,33,40,23,6,26,26,14,22,24,14,10,16,12,15,19,3,3,0,819,2444,2704,2536,2820,2576,2677,4092,4483,1860,1967,3530,2800,2489,2632,2481,2727,2670,2586,4142,4902,1845,1874,2938,3029,2591,2482,2218,2454,2425,2500,3249,4055,1741,1758,2955,2678,2431,2336,2166,2491,2565,2282,3147,3310,1586,1848,2411,2760,2503,2289,2329,2271,2336,2155,2905,3225,1599,1765,2369,2594,1968,2063,2321,2546,2029,2233,2946,2987,1654,1792,2664,2821,2482,2220,2325,2390,2219,2051,2838,3049,1735,1850,2025,2712,1973,2185,1922,2188,2046,1970,2692,2884,1669,1661,2637,2610,2392,2153,2025,2181,2222,1819,2464,2683,1498,1623,2198,2452,1755,2059,1958,2168,1977,1878,2542,2625,1535,1542,2089,2249,1882,1954,1748,1967,1806,1707,2254,2387,1447,1316,1946,1868,1447,1472,1859,2033,1563,1440,2108,2243,1409,1449,1598,2152,1672,1574
39,        Denmark,3264,2210,2502,3136,1856,2100,3746,1481,1527,2585,2935,3909,3162,2415,2577,2636,2219,1988,3642,1462,1736,2398,2972,3320,2986,2042,2276,2636,2158,1703,2881,1499,1727,2407,2679,3216,2674,1769,2014,2340,2070,1608,2634,1098,898,1004,438,340,194,244,190,74,37,33,7,3,17,23,30,23,49,18,27,19,25,24,11,1,0,0,1206,4082,3835,2844,2800,3168,2878,2781,5408,1881,1850,3286,3562,4049,3542,2660,2631,3097,2519,2525,4796,1868,1996,2734,4091,4597,3903,2530,2785,2942,2152,2321,4278,1685,1671,2977,3182,4099,3364,2173,2273,2795,1891,1940,3506,1515,1618,2273,3441,3988,3833,2324,2656,2590,1974,2161,3786,1635,1642,2301,3246,3634,3440,2485,2372,2754,2199,2052,3293,1653,1624,2649,3234,3860,3717,2396,2345,2877,1964,1995,3672,1868,1691,2149,3545,3673,3745,2391,2290,2517,1885,1864,3359,1801,1644,2660,3557,4261,3250,2232,2279,2241,1659,1595,3064,1578,1467,2307,2723,3188,2868,1908,2266,2451,1590,1832,2934,1820,1666,2345,3584,3786,3453,2400,2811,2795,1940,1885,3007,1803,1682,2511,2949,3415,3373,2459,2507,2775,1966,2056,3121,2003,1915,2454,3720,3992,3348
40,        Finland,4320,2479,2414,2877,1448,966,1669,1731,1593,1911,2827,3434,3613,2839,2394,2470,1334,832,1271,1610,1533,2008,2973,3277,3490,1957,2236,2059,1275,838,1062,1221,1122,1318,2131,2312,2247,1391,1810,1759,1122,628,894,710,588,448,181,129,121,157,19,23,19,16,11,6,16,11,15,17,45,12,17,18,21,45,5,0,0,2,1179,4009,3713,3263,2775,2843,2210,1226,1992,1867,1483,2148,3106,4220,3642,3357,2585,2867,2021,1156,1835,1876,1379,2203,3963,4780,4558,3392,3170,2940,2076,1294,1618,1885,1596,2492,3101,3834,3929,2750,2390,2725,1688,1114,1586,1434,1490,1889,3186,3959,4431,3231,2761,2569,1451,1222,1308,1551,1373,2198,3110,3390,3740,3210,3054,2522,1759,1108,1266,1532,1495,2305,3449,4580,4427,3638,3280,2249,1558,1092,1295,1620,1527,2213,3271,3755,3877,3668,2889,2541,1586,992,1425,1745,1607,2358,4144,5586,4792,4319,3092,2202,1259,1240,1991,1985,1056,1138,1649,1757,2217,1790,1535,1359,986,754,968,991,878,1064,1775,1539,1972,1761,1395,1137,997,704,969,1332,1202,1361,1801,1827,1549,1512,1169,946,1181,648,784,806,854,982,1431,1554,1513
41,        France,13398,10620,12683,14996,14149,31826,24943,10480,14639,15665,14771,18937,12948,10947,13671,14969,14774,26916,21064,11040,15066,16785,14035,17244,12945,10010,12002,13088,13476,24471,18158,9709,13557,13260,12924,13722,9873,8554,10546,10665,10200,16618,10598,5501,5068,3744,1759,1760,1077,1195,799,423,337,327,97,26,83,174,147,204,402,166,122,213,190,240,90,21,2,5,5464,18495,16613,13745,15407,16369,15137,28953,21953,11822,14413,17974,19099,19884,18052,12922,16162,15717,13550,28097,21991,10706,15071,18647,17579,18539,15788,11852,14210,14082,11584,23815,18255,9643,12333,15681,14751,16851,12356,11749,12615,14543,11176,23795,16844,8954,11789,16628,14259,16417,12144,11443,12269,13334,9816,22241,16926,8969,11686,13135,12789,13590,11285,10708,11762,12351,10323,20541,14405,9288,11980,13643,15735,14180,11966,11697,11359,12384,10508,21876,15466,9349,12432,13403,16120,12621,12798,11810,12585,11328,12529,20864,15402,9301,10902,14517,14253,14493,10939,12050,11166,11204,10434,17520,13943,7990,10086,11852,12342,10755,10957,10578,11753,10062,8362,15794,11904,8359,10323,11283,11349,10684,10010,9376,10339,10012,8383,16005,11867,7685,8642,9831,10418,9002,8168,8604,8782,8200,7682,13597,11267,7147,8451,9897,9707,9093,8771
42,        Germany,34718,34756,24859,26922,25397,32190,23199,15844,26299,30761,37577,39200,39376,31729,26020,26180,23795,27501,21118,14014,24531,27950,39351,37724,40120,25476,26528,24581,25075,24633,21074,15026,22534,24219,34976,31063,26678,20499,18279,18184,17810,16917,12345,8868,7034,5378,2434,1645,1193,1594,1074,997,769,139,151,42,57,114,135,146,194,172,114,121,78,133,74,19,7,2,14758,39857,40228,34026,37191,28485,26979,27209,23843,17574,18753,33428,44963,41522,46784,39214,29465,28808,28000,29525,25215,17397,20136,26640,36973,36701,38733,28863,28423,27617,24858,26590,21206,16274,17427,30420,43618,40022,37068,35176,28441,27153,22567,25895,19327,13776,17868,21371,40603,37455,39133,35172,27994,24718,22303,26784,18815,13660,16266,20086,31468,24937,24529,24156,21514,21905,22156,24544,17014,13270,15425,22125,30806,25422,25176,22142,21213,21759,21012,22265,18262,13453,15763,18494,31307,23053,22837,22338,20254,20744,19658,20355,17784,13106,14377,19375,30111,27868,26463,21448,22487,18938,17400,18141,15675,12094,12628,18274,23715,19290,19862,17552,22283,18241,15994,17269,14647,11839,14058,17908,24044,17337,18091,15824,20619,17384,14742,15563,13356,10373,11002,15931,19351,14985,14551,14272,16946,16762,14033,14690,13500,10893,11609,14169,18467,15670,14269
43,        Italy,7470,6078,5802,5595,8367,30649,9366,4901,5479,6480,5354,5709,6086,4828,5112,5864,8001,29522,7825,4907,4473,5149,4868,5038,5573,4237,4119,4058,6547,20896,6965,3426,4092,4220,4643,4861,4082,2777,3775,3697,4994,9544,3366,1656,1372,933,450,346,212,319,239,98,69,54,33,8,16,58,73,70,193,60,37,66,39,36,45,8,2,1,1238,7492,10661,11129,6074,5655,6993,21699,7418,4404,4775,6381,7201,10085,10910,8637,5973,5777,7349,22950,7779,4997,5299,6599,7967,8919,9760,5201,6425,5280,6568,19114,6984,4048,4337,5450,5470,5320,6231,5656,5425,5336,5731,16139,6093,4272,4300,5783,4825,4883,6186,4800,5317,5042,5291,15817,5402,3915,3923,4870,5311,4192,5470,5124,5559,4389,5164,13280,5153,3674,3712,4684,5940,4944,5429,4874,5140,4550,5029,13117,5303,4185,4407,4011,5463,4309,6262,4986,5298,4265,5174,11397,5403,3668,3639,4848,6122,5314,5443,4873,4718,3767,3867,8242,4151,3099,3499,3583,5155,3518,5048,4177,4394,3328,3734,8781,4084,3201,3406,3527,4014,3821,4619,3753,3436,3695,3727,8871,3623,3038,3069,2861,3979,3154,3564,3658,3367,3077,3397,6556,3971,2450,2638,3556,3420,3226,3719
44,        Netherlands,8168,7123,7431,7725,7262,13113,13284,5014,7143,7381,6761,7583,7685,6643,7303,7381,7563,12682,12275,5114,7522,7188,6914,7294,7685,6723,7110,7363,8584,11327,10867,5041,6631,6398,6956,7053,6430,5634,5853,6523,6814,8174,7135,3165,3362,2391,940,713,474,717,432,208,117,54,34,18,36,79,58,98,106,89,76,77,41,41,46,9,0,1,2903,6637,7940,7148,8111,7566,8423,12792,11757,5341,6589,7791,8288,7435,8212,6999,7686,7839,7998,12488,11596,5647,6932,7996,7772,7699,7680,6504,7387,7147,6902,10254,10462,4859,5842,6641,6755,6971,7187,6200,6777,6602,6078,9452,9454,4510,6273,6362,6646,6753,7135,6154,6627,6557,5761,8040,9364,4553,5797,5989,7127,6678,6405,6222,6447,6051,6027,8541,8089,4962,5888,6517,7969,7458,7640,6000,6568,6732,6272,8568,9591,5661,5916,5891,7476,7098,7153,6028,6638,6884,6117,8361,9847,5194,5329,5609,7163,7351,7082,6168,6532,7112,6318,8909,9682,4924,5445,5949,7100,6229,6722,5969,6077,6352,5740,7884,8447,4907,5881,5571,6767,6328,6597,6413,6431,7021,6076,8954,9498,4654,4889,5109,5917,5701,5696,5773,6121,6525,5476,7241,7759,4945,5542,5805,6107,5948,5988
45,        Norway,2408,2143,1967,1761,1698,1322,3844,2198,1209,1794,2254,2715,2603,2130,2075,1710,1597,1467,3836,2038,1213,1763,2417,2659,2128,1732,1954,1776,2013,1378,3585,1831,1210,1810,2342,2439,1891,1610,1728,1771,1311,1432,2067,1079,745,617,168,69,95,56,49,54,56,39,12,2,15,43,23,31,45,16,15,16,33,25,9,5,3,1,857,3188,3262,2860,2584,2633,1975,2106,5103,2319,1791,3405,2811,3441,2902,2570,2611,2608,2124,2206,4842,2464,1483,2449,3883,3517,3204,2235,2480,2232,1721,1704,3872,2134,1387,3041,2675,2990,2522,2170,2440,2286,1651,1668,3166,1887,1849,2267,4125,2749,2992,2514,2615,2675,2068,1978,3874,2260,1497,2652,3535,3123,2859,2758,2689,2328,2132,2040,3328,2093,1854,3938,3397,3516,3435,2786,3121,2765,2250,2273,3501,2463,1904,3073,4885,3524,3382,2970,3502,2907,2254,1903,3587,2506,1875,3444,4579,4038,3238,3097,3377,2667,1964,1905,3201,2262,1724,3353,2895,2955,3050,2453,2916,2903,1912,1939,2819,2412,1807,2560,3807,3263,2974,2791,2834,2566,2159,1728,2662,2096,1741,3076,3186,2781,2734,2559,2615,2487,2060,1943,3126,2680,1675,2500,4554,3348,3269
46,        Rep Of Ireland,2764,2008,2268,2199,1969,2297,2744,2348,1787,2685,2774,2453,2673,1992,2514,2137,2041,2028,2458,2108,1791,1921,2619,2344,2218,1612,2042,1776,2062,1984,2344,1626,1777,1893,1992,1868,1767,1359,1567,1530,1592,1482,1483,869,625,381,105,49,44,53,13,44,39,31,21,4,6,10,12,14,16,17,13,10,24,8,18,1,0,2,653,1483,2487,2006,2201,2117,1945,2093,2722,2108,1623,2026,2115,1737,1999,1582,1862,1842,1762,2069,2515,1741,1514,1841,2232,1737,1980,1525,1753,1807,1657,1815,2229,1545,1476,1731,1738,1625,1706,1432,1453,1693,1425,1443,2006,1579,1349,1406,1823,1418,1916,1467,1480,1386,1335,1631,1576,1369,1224,1434,1617,1277,1551,1198,1363,1353,1281,1429,1734,1357,1113,1278,1464,1325,1514,1347,1232,1598,1298,1562,1654,1388,1264,1255,1856,1361,1631,1395,1683,1740,1421,1661,1862,1560,1240,1463,1817,1557,1566,1526,1695,1561,1521,1570,1785,1499,1302,1569,1531,1311,1695,1632,1574,1733,1559,1776,1725,1904,1411,1578,2062,1555,1928,1786,1830,1855,1685,1835,2085,1910,1423,1878,2211,1967,2255,2653,2642,2439,2070,2064,2443,2316,1730,1939,2900,2137,2703
47,        Russian Federation,12341,6888,5496,5735,3891,4340,4313,3239,4770,5119,6974,7933,10469,6109,6235,3905,3475,3498,3774,2907,3654,5216,5608,7152,9466,5523,4695,3952,3333,3493,3627,2796,3966,5044,6635,7009,6637,3503,2408,1312,756,484,452,308,218,181,78,49,50,42,37,44,28,32,13,5,17,35,53,42,40,61,36,30,24,41,28,35,7,7,3707,9135,15880,9629,8171,5569,4385,4059,4030,3535,5276,6112,8585,8145,12763,7989,7139,5274,4456,5014,4158,3960,5265,7017,9516,8901,15838,7896,7084,5459,4483,4933,4374,3992,5123,6616,8963,8949,12262,7739,7286,6006,4503,5002,4349,3486,4411,4961,6744,6412,9504,5807,5518,4900,3725,4618,4071,3644,4523,4371,5154,4861,12650,8004,7246,6507,5384,6129,5280,4874,5746,6996,9563,9154,15770,9435,8376,6748,4726,5184,4784,4264,5566,6499,7873,6482,12197,7303,6370,4909,4002,4101,3848,3567,3939,5023,6603,6533,12759,6881,5517,4575,4262,4033,3888,3085,3163,4157,5736,4349,9732,5649,5098,4522,3550,4255,3325,3096,4067,3878,5037,4465,8063,4606,4900,4691,3644,3643,3131,2892,3563,3436,3939,3828,8075,5138,5198,4748,3815,4385,3922,3626,4272,4102,4815,3954,8683
48,        Spain,4762,4391,5048,5364,7984,16966,10880,4557,4008,5561,4586,4278,4376,4362,5432,5487,7460,13721,7998,4259,3704,3814,4731,3659,3992,3531,4098,4717,6203,10525,5983,3562,3689,4517,3936,3302,3229,2604,3939,3987,4841,6867,3331,1603,1291,1137,391,228,238,213,199,95,44,38,24,7,6,35,25,33,58,30,30,22,44,28,29,2,1,0,1306,3892,4872,4942,4946,4798,6479,12701,6997,3746,3374,4865,4274,4065,4212,4053,5173,5138,6652,11978,7079,3811,3770,4483,5684,4399,4664,4041,5615,5534,6101,11064,6321,3305,3244,4391,3866,3625,3529,3592,4088,4166,4377,8652,4973,2541,2973,3156,4382,3159,3432,3064,4464,4046,4330,8377,4875,2717,2953,3094,3715,2893,3546,3348,3757,3488,4153,7295,4047,2515,2657,3394,3444,3022,3095,3050,3338,3257,3636,6584,4024,2278,2317,2508,3469,2530,2516,2415,3264,3646,3565,5802,3663,2263,2131,3051,3107,2398,2473,3060,3173,3343,2948,5411,3336,2015,1963,2744,2811,1973,2200,2568,2750,2959,3066,5274,3267,2352,1918,2222,2940,2275,2174,2316,3008,3155,3032,4449,2842,2152,1898,1965,2259,1838,1957,2498,2623,2333,2550,4595,3364,1672,1715,1970,2819,1795,2032
49,        Sweden,5245,4301,2859,2956,1505,1652,2693,1961,1400,2317,3083,3959,4674,4024,2892,2402,1574,1442,2349,1984,1457,2123,2911,3178,3658,2846,2589,2273,1484,1396,1930,1538,1585,2150,2786,2967,3234,2510,2091,1913,1429,1075,1394,942,720,635,337,237,214,211,42,53,31,41,24,2,6,29,50,19,37,21,15,24,9,23,12,1,2,0,1486,4539,6982,6391,3908,3677,2307,2454,4199,2612,2402,3920,4849,5707,7721,6588,4308,4051,2306,2708,4279,2677,2143,3620,6403,6765,7574,6052,4425,4054,2226,2443,4027,2421,2079,3662,4664,5726,6232,4830,4142,3422,2076,1908,2991,1963,2063,3165,5278,5075,6852,5423,4078,3753,2102,1946,2911,2091,1985,3138,4284,4556,6295,5363,3498,3331,2034,1841,2716,2160,2417,3676,4821,5289,6910,6052,3593,3491,1952,2049,2710,2240,2199,3243,5395,5440,6892,5809,3875,3035,1905,1872,2430,2043,2008,3447,5175,5967,5682,4934,3947,3228,1901,1726,2455,2011,1926,2856,3720,3824,4840,4014,3276,2609,1772,1748,2057,2117,1822,2839,4166,3956,4708,3915,2959,2597,1957,1494,1829,1816,1621,2597,3114,3343,4682,4322,2951,2684,1848,1598,2114,1944,1768,2538,4248,4112,5036
50,        Switzerland,8198,8053,7802,8823,6874,7554,11703,5018,6716,9507,7312,8167,8283,7536,7392,8051,6888,7359,10243,4513,6393,8298,7743,7967,7463,6704,6817,7121,6079,6359,8501,3991,5383,7350,5940,6310,5034,4468,5151,5491,4225,4335,4747,2169,2154,1885,718,576,372,515,238,78,68,108,43,12,23,49,53,77,51,63,50,77,43,49,47,12,3,0,2326,7352,8648,8986,8759,8629,6753,7687,9690,5089,6347,9929,8336,8564,9232,8809,8447,9085,7084,8406,10670,5025,6849,9584,9691,9607,9137,8508,9023,9833,7272,8432,10967,5201,6683,11697,8197,9867,9079,8513,8766,10464,7003,8475,10602,4779,6626,9192,8782,9181,9072,8400,9481,9188,6938,8253,10657,5203,6699,9308,8777,8475,9470,8630,8983,9515,7645,8837,10503,5454,6710,10025,8829,8994,9319,8900,8549,9054,7402,7638,10154,5735,6663,7455,7766,7107,7957,6923,7564,7634,5931,6816,8219,4657,5467,7726,7958,7709,7253,6687,7767,7596,5725,6090,7318,4497,5333,7598,7002,6551,6859,5891,7086,7045,4978,6148,6888,4338,6413,6926,6485,6100,6078,5306,6119,6314,4533,4832,6023,3709,4392,6162,5605,5456,5378,5853,6570,6014,4873,5361,5896,3830,5038,5993,5642,4834,4884
51,        United Kingdom,55541,45761,49372,47267,39297,53247,47971,30327,37413,56713,63276,60238,56474,44650,48607,43943,43032,47305,42233,28752,33195,47507,73518,68148,59068,46184,43195,36194,38715,41765,36886,24244,30608,41576,50330,45785,38123,33051,33269,30244,29963,27611,22493,14906,12737,10811,5498,3797,2362,3668,2117,965,391,367,291,100,92,136,168,146,111,290,267,205,253,239,278,77,17,18,20614,49475,61634,54172,48343,48679,49918,50718,43869,32813,34740,56004,66796,62481,59288,46047,48748,48279,53207,51036,44778,30952,33852,54566,68106,57901,51537,42007,45133,41920,42423,43467,38424,27974,30066,48170,58635,54456,46364,39465,39718,43841,36529,43301,37272,24413,27667,45552,54800,48378,48413,39757,42034,40871,37374,41077,36643,25543,28125,39822,50741,47051,44923,38438,37919,36986,35981,38360,32056,25135,27667,43708,49474,43998,42345,38994,39370,36491,36541,39533,35349,28866,27724,38620,52527,44608,42983,38331,39523,38087,34867,34351,31208,25663,26743,38489,52121,47150,40139,37068,39094,36372,33964,34980,30667,24474,28285,44974,49776,41679,41430,39570,43263,37587,31704,35000,31818,25742,29301,41364,54457,47583,44532,39590,43734,40669,34753,37583,34318,26545,29423,41624,52839,47261,41545,43612,43751,39729,34252,39102,33489,27584,29792,41655,61272,51188,47618
52,        Other Markets In Europe,43434,26708,29625,24321,24220,28464,28087,17330,17378,23651,30023,36808,34948,22959,26761,21359,22491,23528,20985,14894,16775,20874,24682,29753,28643,17821,19226,18715,17891,18898,16968,11381,13650,17109,21453,22398,18233,11795,14971,12751,11336,11227,8163,5120,4533,2862,914,436,518,398,169,275,259,196,90,45,83,192,229,186,319,181,139,152,171,131,139,72,43,8,8745,28008,35733,25506,25869,21286,20805,23243,19596,13616,14517,20576,26557,29374,32587,21145,22049,19874,18379,21731,19795,14033,13540,17479,23862,24307,28038,17930,19003,16346,15577,18688,17131,11227,12624,17165,20597,21341,22844,16492,16685,15829,14129,16040,14800,9460,11809,15509,20313,21018,22536,15692,16777,15297,13275,16363,13400,9763,10431,13390,16881,16530,20303,15350,15529,13755,12431,14539,12671,9326,10542,12747,17589,18406,19588,14430,15256,13859,10821,13495,11693,9776,10571,12203,16938,16921,19326,13149,13562,12362,10243,11610,11260,8462,8997,11554,15781,17307,16790,12021,13138,10695,9451,10472,10015,7155,7905,8797,12149,11309,13077,10334,13009,10211,9039,12396,10009,7400,7847,8776,12137,10345,12849,9310,10438,9295,8829,10719,9554,7017,7129,8433,10593,10084,11664,11546,10240,9786,8183,9707,9177,6233,7494,8587,10467,9823,11108
53,    Oceania,159753,144453,118502,134357,127606,101544,142415,110556,106952,134313,93049,95304,159560,139442,106727,118510,130165,100001,126960,105433,95393,112497,102173,90105,143332,128877,100963,104603,122983,95791,116877,107915,94073,106741,83827,81765,116794,101182,78869,85122,94039,65622,77575,55574,35326,29323,8126,4673,3882,5632,1668,332,366,370,366,251,294,292,318,271,642,1000,481,290,222,181,160,66,18,14,21275,62292,148055,134070,100883,112052,127327,99796,127346,104003,94996,124189,83730,74454,137660,119602,85319,109285,123418,97395,126691,105642,90743,112641,96834,70873,128660,118557,93191,104578,114853,88232,122061,98259,83916,108478,95041,79801,128719,113380,83536,97974,105400,92290,119907,90417,75598,105445,86381,68362,129377,113008,87045,109160,110596,96656,113554,95694,85227,94029,79761,72276,129274,109269,81969,97886,109434,94518,121954,93721,90197,110478,82577,76921,138986,118586,88211,108090,117498,91154,128840,103351,95910,104538,95912,76189,132869,115234,93865,112576,113926,91197,120719,106256,84044,92969,79598,71466,107329,96626,80355,95623,96987,84623,112000,98646,86375,97698,73806,63345,107333,95127,72468,87077,90846,78296,99208,85528,72648,77745,70292,60674,99207,92248,77327,92106,83704,77091,91338,76157,68000,72719,60594,56345,88918,88456,68586,88100,84600,77039,93866,85419,76912,72444,69741,58822,93022
54,        Australia,140780,127468,103828,116372,107322,84925,121503,90887,90145,116848,81781,85012,141337,122321,92661,100935,110930,82959,105660,88043,79588,96752,90438,79386,124104,112197,88201,88033,104497,80605,98408,90770,79700,92937,74268,72385,102888,89159,69046,73728,83070,56917,68378,50412,31406,27380,7883,4546,3759,5525,1624,263,278,301,289,193,250,242,274,234,579,887,438,223,155,166,131,63,16,7,18736,54791,130626,117796,89052,97092,109506,84023,107383,87793,80476,107503,73841,66199,122672,104928,74827,95096,107933,83185,108107,90665,78210,99046,87152,63229,114846,105085,81822,90940,100987,75171,104873,84840,71970,93927,85040,71416,115930,100849,73308,85395,92210,78888,103689,77805,64175,93320,78701,61900,117073,101624,76369,96340,97071,83063,97583,82755,73965,83497,70708,65009,115584,97855,73262,87565,97642,82448,106641,81558,78280,99811,74578,69119,126119,106584,78324,96454,105179,79221,112743,91231,84444,94285,87652,69470,119592,103207,83972,100138,100891,79292,105570,92951,72641,81927,70960,63878,94946,84723,70012,84509,86076,71953,94690,84371,72365,85297,65885,58135,98023,86705,64152,77097,80293,68222,87289,74597,63517,70079,63659,55364,89584,84158,68570,81622,73407,67152,79439,65796,59136,65046,54821,51144,80008,79278,60257,75866,72816,65465,79776,73802,65901,63079,61681,52457,82778
55,        New Zealand,15405,13644,11579,14994,17244,13869,17944,16549,13568,14745,8878,7521,14545,13038,10351,14003,15792,14070,18182,14713,12808,13052,9008,8093,14418,12717,9663,13059,15022,12499,15350,13352,11146,11065,6871,6821,10766,9139,7289,8742,8796,7107,7264,3909,3061,1448,161,79,87,63,25,58,75,50,73,58,32,39,28,31,63,106,38,63,63,12,27,3,1,1,2127,6185,15141,13501,9615,13233,15783,13913,17922,14219,12791,14142,8108,6831,12969,11860,8603,12404,13767,12669,16705,13120,10907,11412,8005,6311,11914,10801,9349,11834,12021,11197,15358,11805,10261,12447,8459,6928,10778,9994,8529,10961,11514,11873,14548,10862,9715,10042,6616,5463,10983,9726,9070,11462,12412,12497,14756,11593,10077,9492,7854,6349,12330,10015,7435,9146,10593,10939,14075,10922,10812,9520,6872,6893,11466,10383,8430,10359,11081,10765,14813,10626,10225,9035,7087,5735,11908,10323,8550,11158,11669,10901,13772,12021,10137,9881,7469,6613,11207,10514,8888,9876,9698,11612,15973,12891,12893,11322,6939,4287,8102,7418,7245,8799,9481,9122,10847,9655,8109,6639,5602,4481,8392,6855,7570,9431,9259,8957,10879,9342,7963,6620,4819,4327,7812,8098,7239,11008,10776,10578,13056,10554,9880,8378,6846,5365,8994
56,        Other Markets In Oceania,3568,3341,3095,2991,3040,2750,2968,3120,3239,2720,2390,2771,3678,4083,3715,3572,3443,2972,3118,2677,2997,2693,2727,2626,4810,3963,3099,3511,3464,2687,3119,3793,3227,2739,2688,2559,3140,2884,2534,2652,2173,1598,1933,1253,859,495,82,48,36,44,19,11,13,19,4,0,12,11,16,6,0,7,5,4,4,3,2,0,1,6,412,1316,2288,2773,2216,1727,2038,1860,2041,1991,1729,2544,1781,1424,2019,2814,1889,1785,1718,1541,1879,1857,1626,2183,1677,1333,1900,2671,2020,1804,1845,1864,1830,1614,1685,2104,1542,1457,2011,2537,1699,1618,1676,1529,1670,1750,1708,2083,1064,999,1321,1658,1606,1358,1113,1096,1215,1346,1185,1040,1199,918,1360,1399,1272,1175,1199,1131,1238,1241,1105,1147,1127,909,1401,1619,1457,1277,1238,1168,1284,1494,1241,1218,1173,984,1369,1704,1343,1280,1366,1004,1377,1284,1266,1161,1169,975,1176,1389,1455,1238,1213,1058,1337,1384,1117,1079,982,923,1208,1004,1071,1181,1072,952,1072,1276,1022,1027,1031,829,1231,1235,1187,1053,1038,982,1020,1019,901,1053,954,874,1098,1080,1090,1226,1008,996,1034,1063,1131,987,1214,1000,1250
57,    Africa,7670,14136,7633,8340,6714,9569,8690,5509,5653,6784,4662,4378,6525,11486,5659,5324,6193,7027,6115,5411,6636,4857,5176,3976,6104,8874,4995,5233,5582,6132,5926,4575,4515,4812,4300,4073,4182,6334,4266,3738,3713,2903,2582,2184,1300,814,129,58,114,74,79,71,43,54,31,8,44,35,36,35,42,61,39,49,41,55,19,9,1,3,1381,3435,9271,16335,7472,6697,7961,8289,7548,6787,4961,7247,6106,4480,7083,13072,6088,6129,6146,7834,8256,5287,4851,7346,6648,4715,7433,11583,6705,5627,5451,6979,6948,4427,4787,7195,5566,4403,7040,10784,6478,6015,5308,6478,6165,3932,4941,6308,6045,3591,6364,9136,5417,5857,5206,6102,5383,4051,4663,6410,5138,3562,6377,9594,5507,4191,4846,6468,5435,4382,4305,6291,4948,4238,5729,9575,4932,4917,5852,5357,5242,5298,4506,5056,5755,3659,6338,8884,5397,4910,5498,5106,5809,5083,4451,6211,5855,4508,6107,9634,5403,6042,5934,5200,7454,5249,4536,6525,5521,3897,7843,10205,5830,6013,5739,6994,6376,5095,4999,6449,5907,4418,7363,10506,6248,6693,5101,6801,7357,5626,5007,6044,5570,4438,6874,10628,6482,7873,6013,8727,8293,6431,5910,7903,7734,5022,9504
58,        Egypt,260,281,286,505,280,307,329,254,253,205,152,222,426,239,364,306,267,244,202,241,281,153,175,220,279,188,269,265,272,243,348,211,253,155,168,205,192,220,283,259,255,197,164,132,62,34,19,7,12,14,19,10,7,12,0,1,5,6,8,6,6,13,6,6,10,12,4,0,0,0,69,302,584,637,474,402,414,440,705,493,198,415,314,341,349,435,289,393,372,368,423,240,271,427,466,265,419,382,388,403,339,373,368,191,260,342,390,312,281,338,350,370,448,462,340,197,424,410,283,416,387,298,325,532,444,574,296,226,355,348,419,268,453,457,397,406,399,448,214,307,322,333,328,351,399,323,293,418,316,371,224,410,249,324,289,288,277,277,341,324,340,258,315,304,267,345,271,319,269,253,279,373,393,238,496,331,278,266,292,233,397,431,424,444,298,524,607,348,307,363,379,315,306,312,365,390,200,301,397,383,220,297,334,362,300,382,277,337,241,521,565,371,295,388,338,312,426
59,        Mauritius,538,1342,787,376,270,539,482,312,369,613,282,381,487,1077,802,313,320,504,426,283,372,582,346,292,548,965,769,349,412,377,413,349,363,581,474,274,418,643,663,226,210,198,196,110,95,53,5,6,7,9,2,3,1,5,0,0,4,3,3,1,4,2,5,4,0,0,0,0,1,0,62,228,1185,2920,1410,773,625,943,1180,802,590,1192,846,842,973,2835,1894,915,746,956,1240,659,721,1337,749,1006,1041,2174,2328,765,639,998,1205,539,619,1221,864,908,1142,2394,2478,1013,688,882,823,579,621,1196,892,425,841,1549,1087,474,411,694,601,600,513,858,567,557,828,1420,1024,475,475,655,708,525,390,748,478,481,646,1332,1150,559,428,624,693,582,500,738,572,459,909,1271,1158,512,571,932,615,681,534,1220,813,729,821,1837,1080,750,585,841,953,627,604,993,669,571,1017,1626,1236,682,651,932,1163,654,640,977,938,944,1174,1806,1284,997,612,1058,967,920,605,945,777,553,894,1682,1177,769,510,1010,1062,846,662,1216,736,745,1015
60,        South Africa (Rep Of),3555,6708,2862,3494,2882,2525,3470,2394,2156,3011,2069,1470,2942,5336,1821,1970,2646,1902,2177,2554,1778,1992,2742,1621,3197,4221,1789,1833,2323,1718,2166,1946,1823,2177,1995,1698,2229,3371,1591,1565,1949,1233,1281,938,599,384,49,23,39,12,23,33,16,5,17,6,9,12,8,8,10,15,13,14,10,21,10,7,0,0,854,1723,4659,8596,3042,3087,4257,2815,2900,3428,2560,3422,3219,1845,3566,6378,2154,2712,3084,3052,3606,2772,2237,3373,3210,1899,3934,6040,2200,2416,2638,2226,2900,1936,2311,3789,2759,1687,3724,5305,2092,2809,2430,2282,2806,1832,2202,3055,2966,1696,3359,4866,2347,2981,2642,2183,2752,2048,2351,2885,2541,1619,3255,4842,2310,1853,2354,2037,2448,1800,1912,3364,2280,1729,2829,5395,1873,2113,2934,1730,2528,2645,2301,2494,3184,1606,3191,4940,2230,2230,2639,1841,2674,2591,2251,3018,2992,2172,3185,5305,2100,2853,2715,1798,2965,2117,2028,3518,2634,1565,3908,5721,2187,2663,2995,2107,1870,2155,2170,2722,2654,1721,3470,5325,2656,3061,2505,2532,3304,2435,2218,2723,2340,2016,3416,5244,2765,3859,2781,2753,3415,2835,2405,3837,3889,1893,4407
61,        Other Markets In Africa,3317,5805,3698,3965,3282,6198,4409,2549,2875,2955,2159,2305,2670,4834,2672,2735,2960,4377,3310,2333,4205,2130,1913,1843,2080,3500,2168,2786,2575,3794,2999,2069,2076,1899,1663,1896,1343,2100,1729,1688,1299,1275,941,1004,544,343,56,22,56,39,35,25,19,32,14,1,26,14,17,20,22,31,15,25,21,22,5,2,0,3,396,1182,2843,4182,2546,2435,2665,4091,2763,2064,1613,2218,1727,1452,2195,3424,1751,2109,1944,3458,2987,1616,1622,2209,2223,1545,2039,2987,1789,2043,1835,3382,2475,1761,1597,1843,1553,1496,1893,2747,1558,1823,1742,2852,2196,1324,1694,1647,1904,1054,1777,2423,1658,1870,1709,2651,1734,1177,1444,2319,1611,1118,1841,2875,1776,1457,1618,3328,2065,1750,1681,1846,1862,1677,1855,2525,1616,1827,2174,2632,1797,1661,1456,1500,1710,1306,1961,2396,1668,1844,1948,2075,2205,1507,1399,1628,1779,1288,1832,2239,1944,2066,2241,2323,3040,2174,1626,1748,1926,1528,2521,2427,1983,2224,1795,3431,2736,1938,1882,2387,1936,1438,2413,3063,1943,2245,1784,2910,2689,1888,1964,2079,2119,1507,2264,3320,2263,2908,2481,4443,3251,2379,2548,2462,2771,2072,3656
62,    Others,27,34,38,38,33,100,51,24,17,27,13,32,47,25,36,34,68,33,191,806,436,40,66,57,41,34,35,46,30,65,104,60,45,92,89,123,120,95,105,114,97,85,65,60,23,27,18,6,9,11,5,7,1,3,3,0,0,1,0,0,1,1,0,0,0,0,0,0,0,0,0,1,1,0,1,3,1,0,0,0,0,0,0,0,0,0,1,0,3,4,2,1,1,0,1,3,4,3,4,0,1,2,1,2,0,0,0,0,0,110,1,0,0,0,0,1,0,1,2,0,1,0,5,3,3,1,1,0,3,1,0,4,3,1,4,205,1,0,0,7,9,6,14,22,21,7,18,20,18,29,42,86,96,59,587,326,145,684,395,428,239,47,14,5821,3,1,0,97,40,6,1,2,25,0,92,0,2,1,1,1,2,0,3,0,2,8,5,4,0,2,4,10,16,2,2,3,1,0,30,34,10,2,103,0,3,74,576,568,590,572,591,588,594,588,548,489,571
